,Date,Open,High,Low,Close,Adj Close,Volume,datetime,movement,21_Day_moving_av,126_Day_moving_av,momentum_factor,daily_spread,vol_change
0,2018-07-13,2.43,2.47,2.4,2.4,2.277501,57508656,2018-07-13,-0.020408189598997723,,,,0.029166666666666785,
1,2018-07-16,2.42,2.45,2.415,2.45,2.324949,15449724,2018-07-16,-0.008097091719540813,,,,0.014285714285714343,
2,2018-07-17,2.46,2.47,2.44,2.47,2.343928,15337542,2018-07-17,0.004064788156811918,,,,0.01214574898785435,
3,2018-07-18,2.48,2.48,2.45,2.46,2.334439,15357829,2018-07-18,-0.00806444074108376,,,,0.012195121951219433,
4,2018-07-19,2.47,2.49,2.45,2.48,2.353418,16711241,2018-07-19,-0.007999925813428486,,,,0.01612903225806453,
5,2018-07-20,2.48,2.51,2.475,2.5,2.3723970000000003,12650071,2018-07-20,0.0,,,,0.013999999999999879,
6,2018-07-23,2.5,2.51,2.48,2.5,2.3723970000000003,4900707,2018-07-23,0.0,,,,0.011999999999999922,
7,2018-07-24,2.5,2.51,2.5,2.5,2.3723970000000003,11764821,2018-07-24,-0.003984236027989386,,,,0.003999999999999915,
8,2018-07-25,2.5,2.51,2.49,2.51,2.381887,6402540,2018-07-25,0.0,,,,0.007968127490039672,
9,2018-07-26,2.5,2.51,2.49,2.51,2.381887,12438405,2018-07-26,0.004000173664019788,,,,0.007968127490039672,
10,2018-07-27,2.5,2.5,2.49,2.5,2.3723970000000003,2269490,2018-07-27,0.004015814411733467,,,,0.003999999999999915,
11,2018-07-30,2.5,2.5,2.48,2.49,2.362908,2925978,2018-07-30,0.012195221207322126,,,,0.008032128514056231,
12,2018-07-31,2.49,2.49,2.45,2.46,2.334439,18880929,2018-07-31,0.0040818099665842125,,,,0.016260162601626032,
13,2018-08-01,2.47,2.47,2.44,2.45,2.324949,6408855,2018-08-01,0.004098105775958256,,,,0.012244897959183773,
14,2018-08-02,2.46,2.46,2.42,2.44,2.31546,5919954,2018-08-02,-0.004081379849622637,,,,0.016393442622950834,
15,2018-08-03,2.44,2.46,2.44,2.45,2.324949,3341456,2018-08-03,0.004098105775958256,,,,0.008163265306122455,
16,2018-08-06,2.46,2.46,2.42,2.44,2.31546,3261819,2018-08-06,0.012448234383082336,,,,0.016393442622950834,
17,2018-08-07,2.44,2.45,2.41,2.41,2.286991,14169184,2018-08-07,-0.0041319758935413585,,,,0.016597510373443997,
18,2018-08-08,2.42,2.42,2.38,2.42,2.29648,1763050,2018-08-08,0.00833325649472815,,,,0.016528925619834725,
19,2018-08-09,2.42,2.42,2.39,2.4,2.277501,5847384,2018-08-09,0.012658334785810008,,,,0.01249999999999992,
20,2018-08-10,2.39,2.41,2.36,2.37,2.249032,2257895,2018-08-10,0.0042370251430762,2.332179333333334,,,0.02109704641350222,
21,2018-08-13,2.37,2.39,2.31,2.36,2.239543,7106416,2018-08-13,-0.02479316170835366,2.3303718095238097,,,0.0338983050847458,
22,2018-08-14,2.36,2.43,2.36,2.42,2.29648,6691531,2018-08-14,-0.00819707531116927,2.329016142857143,,,0.028925619834710863,
23,2018-08-15,2.41,2.45,2.38,2.44,2.31546,9481447,2018-08-15,0.008264822685152929,2.327660523809524,,,0.028688524590164053,
24,2018-08-16,2.41,2.43,2.4,2.42,2.29648,3806200,2018-08-16,-0.004115404797113579,2.3258529523809526,,,0.012396694214876136,
25,2018-08-17,2.42,2.46,2.4,2.43,2.30597,7331519,2018-08-17,-0.00816318981620685,2.3235935238095244,,,0.024691358024691377,
26,2018-08-20,2.44,2.46,2.44,2.45,2.324949,1267549,2018-08-20,0.0,2.321334095238096,,,0.008163265306122455,
27,2018-08-21,2.45,2.465,2.43,2.45,2.324949,2221213,2018-08-21,0.01239679857869448,2.3190746666666673,,,0.014285714285714162,
28,2018-08-22,2.45,2.45,2.41,2.42,2.29648,2598686,2018-08-22,0.00833325649472815,2.315459571428572,,,0.016528925619834725,
29,2018-08-23,2.4,2.41,2.36,2.4,2.277501,2590424,2018-08-23,0.008403283209107486,2.31048880952381,,,0.020833333333333447,
30,2018-08-24,2.38,2.4,2.37,2.38,2.258522,1395202,2018-08-24,-0.00833325649472815,2.3046142857142864,,,0.012605042016806641,
31,2018-08-27,2.38,2.41,2.375,2.4,2.277501,3221070,2018-08-27,0.008403283209107486,2.3000954285714292,,,0.014583333333333393,
32,2018-08-28,2.39,2.4,2.35,2.38,2.258522,2407075,2018-08-28,-0.00833325649472815,2.2951246666666676,,,0.021008403361344463,
33,2018-08-29,2.38,2.4,2.37,2.4,2.277501,3593280,2018-08-29,0.02127662436722363,2.292413333333334,,,0.01249999999999992,
34,2018-08-30,2.35,2.41,2.33,2.35,2.230053,27644687,2018-08-30,0.0,2.287894476190477,,,0.03404255319148939,
35,2018-08-31,2.35,2.35,2.31,2.35,2.230053,5247938,2018-08-31,0.008583611403327007,2.2838274761904764,,,0.017021276595744695,
36,2018-09-03,2.34,2.35,2.29,2.33,2.211074,3639596,2018-09-03,0.026431943015668327,2.2784048571428572,,,0.02575107296137341,
37,2018-09-04,2.32,2.32,2.245,2.27,2.1541360000000003,9406282,2018-09-04,-0.00438615546309739,2.270722761904762,,,0.03303964757709239,
38,2018-09-05,2.25,2.295,2.25,2.28,2.163626,3010867,2018-09-05,0.008849474995185621,2.264848238095238,,,0.01973684210526313,
39,2018-09-06,2.26,2.27,2.23,2.26,2.144647,1688709,2018-09-06,0.027272466003420023,2.257618095238095,,,0.017699115044247805,
40,2018-09-07,2.23,2.23,2.16,2.2,2.08771,11091966,2018-09-07,0.01382499668567198,2.2485804285714286,,,0.031818181818181746,
41,2018-09-10,2.16,2.19,2.15,2.17,2.059241,2701266,2018-09-10,-0.06866934349551389,2.2395427619047616,,,0.01843317972350232,
42,2018-09-11,2.28,2.38,2.27,2.33,2.211074,8307945,2018-09-11,-0.02100842940648803,2.2381870952380956,,,0.0472103004291845,
43,2018-09-12,2.34,2.395,2.31,2.38,2.258522,17276296,2018-09-12,0.004219593140515563,2.2363795714285715,,,0.0357142857142857,
44,2018-09-13,2.38,2.43,2.33,2.37,2.249032,74460339,2018-09-13,-0.00836856242383197,2.2332163333333335,,,0.04219409282700425,
45,2018-09-14,2.38,2.4,2.36,2.39,2.268012,3475814,2018-09-14,-0.008298677170133094,2.231860714285714,,,0.01673640167364018,
46,2018-09-17,2.38,2.43,2.38,2.41,2.286991,3572436,2018-09-17,0.004166847786235878,2.2309569523809523,,,0.02074688796680509,
47,2018-09-18,2.4,2.415,2.39,2.4,2.277501,4249260,2018-09-18,0.012658334785810008,2.2286975238095232,,,0.01041666666666663,
48,2018-09-19,2.39,2.395,2.34,2.37,2.249032,5081911,2018-09-19,-0.004201862988272861,2.225082428571428,,,0.023206751054852388,
49,2018-09-20,2.37,2.39,2.355,2.38,2.258522,4612682,2018-09-20,0.00847449680582168,2.223274904761904,,,0.014705882352941237,
50,2018-09-21,2.41,2.42,2.34,2.36,2.239543,7044687,2018-09-21,0.008546927717462707,2.22146738095238,,,0.0338983050847458,
51,2018-09-24,2.35,2.36,2.32,2.34,2.220564,2419228,2018-09-24,0.0,2.2196598571428563,,,0.01709401709401711,
52,2018-09-25,2.37,2.375,2.29,2.34,2.220564,2097833,2018-09-25,0.021834085249015773,2.2169485714285706,,,0.036324786324786314,
53,2018-09-26,2.32,2.36,2.265,2.29,2.173116,2562399,2018-09-26,0.008810957154051346,2.2128816190476184,,,0.04148471615720513,
54,2018-09-27,2.3,2.3,2.25,2.27,2.1541360000000003,2903771,2018-09-27,-0.00438615546309739,2.2070070952380947,,,0.022026431718061595,
55,2018-09-28,2.29,2.29,2.255,2.28,2.163626,4342628,2018-09-28,0.0,2.2038439047619045,,,0.01535087719298252,
56,2018-10-01,2.28,2.31,2.25,2.28,2.163626,1005337,2018-10-01,0.017856974842731656,2.200680714285714,,,0.026315789473684237,
57,2018-10-02,2.28,2.3,2.21,2.24,2.125668,1784440,2018-10-02,0.0,2.196613761904761,,,0.04017857142857136,
58,2018-10-03,2.25,2.27,2.22,2.24,2.125668,1139511,2018-10-03,-0.008849474995185621,2.195258142857142,,,0.02232142857142849,
59,2018-10-04,2.25,2.295,2.25,2.26,2.144647,1933620,2018-10-04,-0.013100543183152605,2.19435438095238,,,0.019911504424778733,
60,2018-10-05,2.28,2.29,2.26,2.29,2.173116,1667535,2018-10-05,0.017778083766205415,2.195710047619047,,,0.013100436681222816,
61,2018-10-08,2.29,2.29,2.22,2.25,2.135157,3929654,2018-10-08,0.022726815505985036,2.1979694285714277,,,0.03111111111111104,
62,2018-10-09,2.21,2.24,2.18,2.2,2.08771,2721168,2018-10-09,-0.009008923481349101,2.1993250952380943,,,0.027272727272727296,
63,2018-10-10,2.19,2.25,2.18,2.22,2.106689,4645819,2018-10-10,0.03738332023486635,2.19435438095238,,,0.03153153153153146,
64,2018-10-11,2.23,2.23,2.12,2.14,2.030772,3697701,2018-10-11,-0.013824996685672195,2.183509142857142,,,0.05140186915887844,
65,2018-10-12,2.13,2.17,2.12,2.17,2.059241,2826687,2018-10-12,0.014018806641021396,2.174471476190475,,,0.023041474654377798,
66,2018-10-15,2.13,2.17,2.115,2.14,2.030772,3520025,2018-10-15,0.009434374925439607,2.1631743333333326,,,0.025700934579439116,
67,2018-10-16,2.11,2.12,2.085,2.12,2.011792,4874130,2018-10-16,-0.04072431848384461,2.1500696190476183,,,0.016509433962264217,
68,2018-10-17,2.12,2.22,2.095,2.21,2.0971990000000003,5245208,2018-10-17,0.0045451715037051615,2.141483809523809,,,0.05656108597285068,
69,2018-10-18,2.18,2.2,2.14,2.2,2.08771,2609515,2018-10-18,0.023255836750378216,2.133801809523809,,,0.027272727272727296,
70,2018-10-19,2.17,2.17,2.12,2.15,2.040262,4340846,2018-10-19,0.028708370392331112,2.1234084761904755,,,0.023255813953488292,
71,2018-10-22,2.12,2.14,2.09,2.09,1.983324,2258093,2018-10-22,0.019512009565295252,2.111207571428571,,,0.023923444976076683,
72,2018-10-23,2.07,2.09,2.01,2.05,1.945366,4541650,2018-10-23,-0.02380905784938176,2.098102904761904,,,0.039024390243902474,
73,2018-10-24,2.03,2.11,2.02,2.1,1.992813,3455188,2018-10-24,0.004784392262686207,2.087257619047618,,,0.04285714285714279,
74,2018-10-25,2.06,2.12,2.05,2.09,1.983324,4433716,2018-10-25,-0.02790720015370561,2.078219904761904,,,0.03349282296650732,
75,2018-10-26,2.12,2.16,2.11,2.15,2.040262,4349040,2018-10-26,-0.022727294499715073,2.0727973333333325,,,0.023255813953488497,
76,2018-10-29,2.19,2.2,2.12,2.2,2.08771,4385832,2018-10-29,0.028037613282042573,2.0691822857142848,,,0.03636363636363639,
77,2018-10-30,2.15,2.16,2.12,2.14,2.030772,3492749,2018-10-30,0.009434374925439607,2.062855904761904,,,0.018691588785046745,
78,2018-10-31,2.12,2.15,2.11,2.12,2.011792,4116972,2018-10-31,0.004739042991994648,2.0574332380952374,,,0.018867924528301903,
79,2018-11-01,2.09,2.16,2.09,2.11,2.002303,4913877,2018-11-01,0.01932348950922569,2.0515587142857137,,,0.0331753554502371,
80,2018-11-02,2.06,2.1,2.04,2.07,1.964345,2713034,2018-11-02,0.00485458000721281,2.0429729047619043,,,0.02898550724637684,
81,2018-11-05,2.04,2.1,2.025,2.06,1.954855,1861472,2018-11-05,-0.014354185196165667,2.032579523809523,,,0.03640776699029135,
82,2018-11-06,2.06,2.09,2.05,2.09,1.983324,968424,2018-11-06,0.009661744754612902,2.0253493809523806,,,0.01913875598086126,
83,2018-11-07,2.09,2.1,2.04,2.07,1.964345,2251272,2018-11-07,0.0,2.019474857142857,,,0.02898550724637684,
84,2018-11-08,2.1,2.1,2.05,2.07,1.964345,1887629,2018-11-08,-0.028169237063785907,2.012696571428571,,,0.024154589371980808,
85,2018-11-09,2.06,2.14,2.06,2.13,2.0212830000000004,2628752,2018-11-09,-0.0046726072646261696,2.012244714285714,,,0.037558685446009425,
86,2018-11-12,2.07,2.16,2.07,2.14,2.030772,1848071,2018-11-12,0.009434374925439607,2.0108890476190475,,,0.04205607476635528,
87,2018-11-13,2.12,2.18,2.11,2.12,2.011792,2111539,2018-11-13,0.009523723500398611,2.0099852380952377,,,0.03301886792452843,
88,2018-11-14,2.1,2.17,2.05,2.1,1.992813,5696354,2018-11-14,0.004784392262686207,2.009081476190476,,,0.05714285714285719,
89,2018-11-15,2.12,2.12,2.06,2.09,1.983324,4219767,2018-11-15,0.019512009565295252,2.003658857142857,,,0.028708133971291894,
90,2018-11-16,2.06,2.1,2.05,2.05,1.945366,2240571,2018-11-16,0.13888905151025166,1.9968805714285711,,,0.024390243902439157,
91,2018-11-19,1.745,1.87,1.66,1.8,1.7081259999999998,14379255,2018-11-19,-0.0163935747828367,1.981064571428571,,,0.11666666666666677,
92,2018-11-20,1.76,1.84,1.73,1.83,1.736595,9175114,2018-11-20,0.0,1.969315571428571,,,0.06010928961748639,
93,2018-11-21,1.805,1.867,1.795,1.83,1.736595,4045830,2018-11-21,-0.008129863053445013,1.959374095238095,,,0.039344262295082,
94,2018-11-22,1.81,1.85,1.78,1.845,1.7508290000000002,6406971,2018-11-22,-0.02638525655391228,1.9478510476190476,,,0.03794037940379407,
95,2018-11-23,1.845,1.905,1.815,1.895,1.798277,3552272,2018-11-23,-0.04533990060960368,1.9390392857142853,,,0.047493403693931444,
96,2018-11-26,1.865,1.995,1.85,1.985,1.883683,5787147,2018-11-26,0.020565360495198328,1.9315831428571424,,,0.0730478589420655,
97,2018-11-27,2.0,2.04,1.91,1.945,1.845725,5769068,2018-11-27,0.010389512280306117,1.9200600476190472,,,0.06683804627249364,
98,2018-11-28,1.985,1.99,1.925,1.925,1.826746,4316177,2018-11-28,-0.012820526677006424,1.9103445238095236,,,0.033766233766233736,
99,2018-11-29,1.91,1.97,1.91,1.95,1.85047,4035759,2018-11-29,-0.012658241356017497,1.9026625238095236,,,0.0307692307692308,
100,2018-11-30,1.985,2.0,1.935,1.975,1.874194,31287619,2018-11-30,-0.012500013172328878,1.8965620952380953,,,0.032911392405063265,
101,2018-12-03,1.99,2.002,1.952,2.0,1.897918,2261326,2018-12-03,0.007557004018192019,1.8933989047619046,,,0.02499999999999991,
102,2018-12-04,1.985,2.0,1.962,1.985,1.883683,2782133,2018-12-04,-0.002512671915476788,1.8900097619047616,,,0.01914357682619649,
103,2018-12-05,1.94,2.0,1.94,1.99,1.888428,3389095,2018-12-05,-0.005000216026192912,1.8854909047619042,,,0.030150753768844248,
104,2018-12-06,1.975,2.002,1.97,2.0,1.897918,3121520,2018-12-06,0.005025343830953576,1.8823277142857133,,,0.015999999999999903,
105,2018-12-07,1.985,2.0,1.965,1.99,1.888428,2452167,2018-12-07,0.047368251746234984,1.878712619047618,,,0.01758793969849242,
106,2018-12-10,1.94,1.94,1.89,1.9,1.803022,2826816,2018-12-10,0.0,1.8683192380952371,,,0.026315789473684237,
107,2018-12-11,1.9,1.92,1.88,1.9,1.803022,2357566,2018-12-11,-0.010416569474989354,1.857473999999999,,,0.02105263157894739,
108,2018-12-12,1.89,1.935,1.885,1.92,1.822001,2518615,2018-12-12,-0.002597514925446668,1.8484363333333325,,,0.026041666666666692,
109,2018-12-13,1.93,1.935,1.895,1.925,1.826746,3175739,2018-12-13,-0.007731751567100174,1.84052838095238,,,0.020779220779220797,
110,2018-12-14,1.9,1.965,1.9,1.94,1.84098,3112464,2018-12-14,-0.01522855130040983,1.8337500952380943,,,0.03350515463917535,
111,2018-12-17,1.915,1.99,1.915,1.97,1.869449,2926304,2018-12-17,0.039577884830868666,1.8301349999999992,,,0.03807106598984769,
112,2018-12-18,1.93,1.9375,1.855,1.895,1.798277,8470927,2018-12-18,0.005305271113888908,1.8344279047619039,,,0.04353562005277046,
113,2018-12-19,1.86,1.9,1.84,1.885,1.788787,2702398,2018-12-19,0.021680015581190232,1.836913238095237,,,0.03183023872679036,
114,2018-12-20,1.85,1.87,1.82,1.845,1.7508290000000002,3648976,2018-12-20,0.07267451656007298,1.8375910476190467,,,0.027100271002710053,
115,2018-12-21,1.75,1.79,1.7,1.72,1.632209,32793715,2018-12-21,-0.011494148455536304,1.8319424761904752,,,0.05232558139534888,
116,2018-12-24,1.72,1.745,1.705,1.74,1.651188,1299619,2018-12-24,-0.0333336065372225,1.8249382380952373,,,0.022988505747126457,
117,2018-12-27,1.775,1.82,1.77,1.8,1.7081259999999998,3031677,2018-12-27,-0.019073253398677777,1.8165783809523801,,,0.0277777777777778,
118,2018-12-28,1.85,1.895,1.81,1.835,1.741339,3129161,2018-12-28,0.019444115949291893,1.811607619047618,,,0.046321525885558566,
119,2018-12-31,1.865,1.87,1.8,1.8,1.7081259999999998,2248352,2018-12-31,0.03151878729393019,1.8059590476190466,,,0.038888888888888924,
120,2019-01-02,1.77,1.825,1.745,1.745,1.655933,1399784,2019-01-02,-0.0567569353385275,1.7966953809523798,,,0.04584527220630363,
121,2019-01-03,1.755,1.86,1.7519999999999998,1.85,1.7555740000000002,1330885,2019-01-03,0.02777781030205054,1.7910468095238083,,,0.058378378378378545,
122,2019-01-04,1.81,1.83,1.785,1.8,1.7081259999999998,9160288,2019-01-04,-0.03485236816649075,1.782009095238094,,,0.025000000000000085,
123,2019-01-07,1.81,1.9,1.81,1.865,1.7698080000000005,3584814,2019-01-07,0.0,1.776586476190475,,,0.04825737265415542,
124,2019-01-08,1.85,1.915,1.85,1.865,1.7698080000000005,3177410,2019-01-08,0.02754824775308333,1.7709379047619036,,,0.034852546916890055,
125,2019-01-09,1.85,1.85,1.8,1.815,1.72236,2631679,2019-01-09,0.0,1.762577999999999,2.0725712936507943,0.8504305764532963,0.02754820936639121,0.4120575191973056
126,2019-01-10,1.84,1.84,1.8,1.815,1.72236,2322153,2019-01-10,-0.008197075311169397,1.7546699999999993,2.0681654126984137,0.8484185980610781,0.02203856749311297,0.39036371961694827
127,2019-01-11,1.835,1.85,1.82,1.83,1.736595,1846832,2019-01-11,0.0,1.7515068095238089,2.0634959365079375,0.8488055530111152,0.016393442622950834,0.31619876815080256
128,2019-01-14,1.82,1.87,1.82,1.83,1.736595,3387058,2019-01-14,0.0027398446747698827,1.7483436190476187,2.0586758333333344,0.8492563961450712,0.027322404371584723,0.5894753162961066
129,2019-01-15,1.82,1.85,1.8,1.825,1.73185,795213,2019-01-15,0.002747372047443554,1.744050714285714,2.0538933809523825,0.8491437435165229,0.02739726027397263,0.14123787801930496
130,2019-01-16,1.81,1.83,1.81,1.82,1.727105,1252767,2019-01-16,0.011111007033439032,1.7393059047619044,2.0489226428571445,0.8488880294360497,0.010989010989010999,0.2274605398212022
131,2019-01-17,1.82,1.82,1.78,1.8,1.7081259999999998,3548530,2019-01-17,-0.0163935747828367,1.7329795238095234,2.0436506507936527,0.8479822728686627,0.02222222222222224,0.6528566787699656
132,2019-01-18,1.835,1.845,1.82,1.83,1.736595,2210652,2019-01-18,0.0027398446747698827,1.7266531428571423,2.0386046031746052,0.8469779476453264,0.0136612021857923,0.4083184219125937
133,2019-01-21,1.85,1.86,1.81,1.825,1.73185,1387586,2019-01-21,0.0,1.7234899523809522,2.033520896825399,0.8475398286152618,0.02739726027397263,0.26025303717570963
134,2019-01-22,1.85,1.85,1.81,1.825,1.73185,5605297,2019-01-22,0.002747372047443554,1.7207786666666665,2.0283618730158754,0.8483588109000106,0.021917808219178103,1.0525681568238356
135,2019-01-23,1.815,1.845,1.807,1.82,1.727105,2325580,2019-01-23,0.0027549408950509765,1.7196489523809522,2.0231651904761927,0.849979507593346,0.0208791208791209,0.4433820763921524
136,2019-01-24,1.83,1.835,1.81,1.815,1.72236,2633992,2019-01-24,0.00833310891585286,1.7239418571428569,2.0180061666666687,0.8542797765531382,0.013774104683195544,0.5019053630611957
137,2019-01-25,1.73,1.815,1.72,1.8,1.7081259999999998,3205907,2019-01-25,0.022727667353025362,1.7266531904761901,2.012809484126986,0.8578323999825,0.052777777777777764,0.6106248735452359
138,2019-01-29,1.77,1.775,1.745,1.76,1.6701669999999995,2742313,2019-01-29,-0.030303188648134177,1.7248456190476187,2.007537484126986,0.8591847637642984,0.017045454545454433,0.5353860348968134
139,2019-01-30,1.78,1.825,1.78,1.815,1.72236,1907211,2019-01-30,-0.013586975197069601,1.7239418571428569,2.0027550317460334,0.8607851833181501,0.02479338842975203,0.374963178503753
140,2019-01-31,1.84,1.845,1.82,1.84,1.746084,8726846,2019-01-31,0.005464141034610751,1.7257493809523807,1.9982361746031765,0.863636342333304,0.013586956521739081,1.7082414744798176
141,2019-02-01,1.845,1.85,1.82,1.83,1.736595,893616,2019-02-01,-0.016128602775085047,1.7295904285714285,1.9935666984127003,0.8675859352729696,0.016393442622950834,0.17558910805926017
142,2019-02-04,1.84,1.8625,1.82,1.86,1.765063,2717809,2019-02-04,-0.033766599187845456,1.7300422857142854,1.98919846825397,0.8697182877045143,0.022849462365591388,0.5344833316730941
143,2019-02-05,1.85,1.93,1.85,1.925,1.826746,3109847,2019-02-05,-0.1210045134778801,1.7356908571428569,1.985545730158732,0.8741631234069331,0.04155844155844148,0.6223235020726794
144,2019-02-06,2.11,2.26,2.11,2.19,2.07822,8339869,2019-02-06,-0.02666642312485687,1.7503771428571429,1.9838135079365096,0.8823294809993614,0.06849315068493146,1.6516711529173456
145,2019-02-07,2.22,2.25,2.21,2.25,2.135157,8467439,2019-02-07,0.0044640084905073875,1.7677747142857143,1.9826837936507953,0.8916069823875645,0.017777777777777795,1.6700581983170817
146,2019-02-08,2.25,2.26,2.23,2.24,2.125668,4972715,2019-02-08,0.009008923481349313,1.786979857142857,1.9817047142857158,0.9017387122616574,0.013392857142857054,0.9766330626373722
147,2019-02-11,2.23,2.25,2.2,2.22,2.106689,12278443,2019-02-11,-0.022026000215399796,1.8052812380952379,1.980650317460319,0.9114588386354098,0.02252252252252244,2.3921809386718995
148,2019-02-12,2.26,2.32,2.24,2.27,2.1541360000000003,3648101,2019-02-12,-0.01731631156496404,1.8251641428571428,1.9795206031746047,0.9220233120736825,0.035242290748898515,0.7141117101705441
149,2019-02-13,2.3,2.32,2.29,2.31,2.192095,7289589,2019-02-13,0.004348015330304841,1.846854619047619,1.9785415158730173,0.9334424394085598,0.012987012987012903,1.4318044973059072
150,2019-02-14,2.31,2.32,2.29,2.3,2.182605,13101175,2019-02-14,-0.004329191937393223,1.8683191428571428,1.9776377460317474,0.9447226351772668,0.013043478260869481,2.536549255539162
151,2019-02-15,2.29,2.33,2.29,2.31,2.192095,2749391,2019-02-15,0.008733542065863168,1.8904615238095237,1.9767339761904774,0.9563560633751962,0.01731601731601733,0.5360906214567528
152,2019-02-18,2.34,2.34,2.27,2.29,2.173116,4363278,2019-02-18,0.004386155463097596,1.9126039047619048,1.9755289523809536,0.968147747192867,0.03056768558951958,0.8467184122217776
153,2019-02-19,2.31,2.33,2.26,2.28,2.163626,2671662,2019-02-19,0.0,1.9329387142857142,1.9742486111111122,0.9790756358682969,0.03070175438596504,0.5180914756576736
154,2019-02-20,2.27,2.31,2.255,2.28,2.163626,2525973,2019-02-20,-0.017241222683304455,1.953499476190476,1.9731942142857153,0.9900188547317585,0.02412280701754393,0.489894136891485
155,2019-02-21,2.29,2.32,2.265,2.32,2.201584,2185949,2019-02-21,-0.01694944013131244,1.9758677619047615,1.9725916984126994,1.0016607914829503,0.02370689655172402,0.4242130553028793
156,2019-02-22,2.3,2.36,2.28,2.36,2.239543,2087235,2019-02-22,0.0,2.000269571428571,1.9724410714285725,1.014108659773467,0.0338983050847458,0.4046249908800694
157,2019-02-25,2.36,2.37,2.33,2.36,2.239543,2298997,2019-02-25,-0.016666512989456497,2.0248973333333327,1.9721398174603184,1.026751407484361,0.0169491525423729,0.4463096827544656
158,2019-02-26,2.34,2.4,2.32,2.4,2.277501,3520914,2019-02-26,0.012658334785810008,2.052010428571428,1.9722904444444453,1.0404200022119146,0.03333333333333337,0.6823522933315537
159,2019-02-27,2.37,2.38,2.31,2.37,2.249032,4790278,2019-02-27,-0.01659779159603158,2.079575428571428,1.972064500000001,1.0545169433207822,0.029535864978902884,0.9266486857962124
160,2019-02-28,2.37,2.41,2.35,2.41,2.286991,4631139,2019-02-28,-0.008230375937241099,2.106462619047618,1.97251638888889,1.0679062698354458,0.024896265560165994,0.9286761899147861
161,2019-03-01,2.41,2.45,2.39,2.43,2.30597,5278870,2019-03-01,-0.020161314309655214,2.1331238571428566,1.9731189047619058,1.0810924024876536,0.024691358024691377,1.0585127235732796
162,2019-03-04,2.45,2.48,2.42,2.48,2.353418,4906149,2019-03-04,-0.004016237619069383,2.16249638095238,1.97424861904762,1.0953515986226552,0.024193548387096794,0.9817962278535763
163,2019-03-05,2.48,2.49,2.43,2.49,2.362908,6479444,2019-03-05,0.0,2.1909651904761893,1.975905539682541,1.1088410586814799,0.024096385542168693,1.3026923776842285
164,2019-03-06,2.48,2.5,2.445,2.49,2.362908,10826480,2019-03-06,-0.015810128511962,2.216496714285713,1.977487142857144,1.1208652973001074,0.02208835341365468,2.149853537205401
165,2019-03-07,2.5,2.54,2.47,2.53,2.400866,6144823,2019-03-07,0.024291701792887904,2.231860809523808,1.9795206269841283,1.1274753993971405,0.027667984189723258,1.2116904656866683
166,2019-03-08,2.48,2.51,2.44,2.47,2.343928,25622719,2019-03-08,-0.01984129639170091,2.2418022857142845,1.9815541031746047,1.1313353908039865,0.028340080971659853,4.940172061920388
167,2019-03-11,2.5,2.52,2.45,2.52,2.391376,5139784,2019-03-11,-0.015624858500313138,2.2544550476190466,1.9841900952380969,1.136209203457655,0.027777777777777714,0.9872888159487182
168,2019-03-12,2.51,2.56,2.49,2.56,2.429334,8849748,2019-03-12,0.003921325539445649,2.269819095238094,1.9859223174603193,1.142954623794567,0.027343749999999938,1.6985239787134994
169,2019-03-13,2.54,2.55,2.49,2.55,2.419845,7233145,2019-03-13,-0.007782029371533288,2.2824719047619033,1.9872026587301606,1.148585371871645,0.02352941176470573,1.4098185351091685
170,2019-03-14,2.53,2.57,2.52,2.57,2.4388240000000003,7514354,2019-03-14,0.003906420442804671,2.2942209047619033,1.9887089444444463,1.1536232645661495,0.01945525291828787,1.6338276319332683
171,2019-03-15,2.57,2.58,2.53,2.56,2.429334,9358438,2019-03-15,0.003921325539445649,2.305969904761903,1.98998927777778,1.1587850902076107,0.019531250000000104,2.014334504438127
172,2019-03-18,2.53,2.57,2.53,2.55,2.419845,14450651,2019-03-18,0.011904861468878107,2.3168151428571413,1.9910436746031768,1.1636184441403035,0.015686274509803935,3.0536497512344356
173,2019-03-19,2.49,2.53,2.48,2.52,2.391376,4695188,2019-03-19,0.003983816192791809,2.3272084761904743,1.9919474444444467,1.1683081713230299,0.01984126984126977,0.9914255854561261
174,2019-03-20,2.51,2.53,2.5,2.51,2.381887,8080027,2019-03-20,0.008032052030802662,2.337601857142855,1.9930018492063515,1.1729050116404707,0.011952191235059684,1.697631160127924
175,2019-03-21,2.5,2.505,2.46,2.49,2.362908,9657901,2019-03-21,-0.00399975214940851,2.3470914761904744,1.993830309523812,1.1771771474128268,0.018072289156626477,2.0122175406211773
176,2019-03-22,2.49,2.51,2.46,2.5,2.3723970000000003,3677848,2019-03-22,0.004015814411733467,2.3552254285714267,1.9948847063492088,1.1806323548801319,0.019999999999999928,0.7705672682204517
177,2019-03-25,2.49,2.5,2.46,2.49,2.362908,4219510,2019-03-25,0.004032432827487509,2.3610999523809504,1.996014420634923,1.182907261576745,0.016064257028112462,0.8814154530071977
178,2019-03-26,2.46,2.495,2.455,2.48,2.353418,3354068,2019-03-26,-0.003278474681289899,2.3665225714285696,1.99706881746032,1.1849980084502474,0.01612903225806453,0.6991767121400754
179,2019-03-27,2.41,2.44,2.4,2.44,2.361159,3000297,2019-03-27,0.00411485007546293,2.370506285714284,1.9985612222222247,1.1861064146328673,0.016393442622950834,0.6249781322704017
180,2019-03-28,2.4,2.44,2.385,2.43,2.351483,7508526,2019-03-28,-0.008162943366812456,2.375384904761903,2.0001274682539707,1.1876167606635175,0.02263374485596714,1.5522499216774197
181,2019-03-29,2.43,2.46,2.42,2.45,2.370836,6141295,2019-03-29,0.01239641541613614,2.379377523809522,2.0017719920634947,1.18863563544856,0.01632653061224491,1.2658642896535204
182,2019-04-01,2.44,2.45,2.41,2.42,2.341806,2373331,2019-04-01,-0.00411527533900944,2.3810839999999978,2.0031861190476214,1.18864841232628,0.016528925619834725,0.4881065987077453
183,2019-04-02,2.41,2.44,2.38,2.43,2.351483,4088698,2019-04-02,0.0,2.380991857142855,2.0049783015873044,1.1875399625311993,0.024691358024691377,0.8377434331707182
184,2019-04-03,2.42,2.45,2.42,2.43,2.351483,4581707,2019-04-03,0.00829885482321084,2.3804478095238077,2.006770484126987,1.1862083025201475,0.01234567901234578,0.9335318571850845
185,2019-04-04,2.42,2.43,2.39,2.41,2.332129,3822722,2019-04-04,-0.004132280812330285,2.3789821428571414,2.0082584365079392,1.1845996011319315,0.016597510373443997,0.7765150437511842
186,2019-04-05,2.4,2.43,2.385,2.42,2.341806,5164283,2019-04-05,-0.012244625946290721,2.37616976190476,2.009597246031749,1.1824109366177047,0.018595041322314203,1.0431477342331155
187,2019-04-08,2.4,2.47,2.39,2.45,2.370836,2841671,2019-04-08,0.004098410992228978,2.3774510952380936,2.0114677142857174,1.1819484242044316,0.03265306122448982,0.5749998390870101
188,2019-04-09,2.45,2.47,2.43,2.44,2.361159,2041739,2019-04-09,0.00411485007546293,2.376012190476189,2.013637944444447,1.179959980904968,0.016393442622950834,0.41358832714355154
189,2019-04-10,2.44,2.45,2.4,2.43,2.351483,3562422,2019-04-10,0.01250015070279162,2.3723049999999986,2.0155807539682566,1.1769833559530802,0.020576131687242906,0.7228871476587808
190,2019-04-11,2.42,2.43,2.38,2.4,2.322452,2266154,2019-04-11,-0.01234582601702832,2.3676672380952364,2.0178956746031775,1.1733348100668495,0.020833333333333447,0.4609108901228911
191,2019-04-12,2.4,2.45,2.39,2.43,2.351483,2745956,2019-04-12,0.00829885482321084,2.363508142857141,2.0202150555555582,1.1699289817475287,0.024691358024691377,0.5585701496088435
192,2019-04-15,2.41,2.41,2.37,2.41,2.332129,1489268,2019-04-15,0.012605195263076192,2.358879333333332,2.0226067777777805,1.1662570101366965,0.016597510373443997,0.3039367173065707
193,2019-04-16,2.39,2.4,2.37,2.38,2.303098,1813131,2019-04-16,0.012766114630747382,2.353319952380951,2.0249187301587326,1.1621799518820566,0.012605042016806641,0.3718759253781807
194,2019-04-17,2.38,2.39,2.29,2.35,2.274067,5354726,2019-04-17,-0.004237340087155099,2.347733809523808,2.026322444444447,1.1586180748086623,0.042553191489361736,1.0980666908172434
195,2019-04-18,2.38,2.38,2.345,2.36,2.283744,2243155,2019-04-18,-0.020747137058027287,2.3430603333333315,2.0278782698412727,1.1554245480014582,0.014830508474576143,0.4602669323358086
196,2019-04-23,2.4,2.41,2.38,2.41,2.332129,3738706,2019-04-23,0.0,2.341594666666665,2.030194674603177,1.153384301495301,0.01244813278008309,0.7678879795142829
197,2019-04-24,2.43,2.43,2.41,2.41,2.332129,3284300,2019-04-24,0.021186700435775693,2.3396771428571417,2.0329629682539707,1.1508705172660352,0.008298755186721999,0.6734316116207936
198,2019-04-26,2.39,2.39,2.34,2.36,2.283744,2405911,2019-04-26,0.03508769544342651,2.3359074285714274,2.0356485079365108,1.1475003761525029,0.021186440677966215,0.49504228223711594
199,2019-04-29,2.26,2.29,2.23,2.28,2.206329,6028342,2019-04-29,0.03167412562757456,2.328903190476189,2.037343079365082,1.1431080086923646,0.026315789473684237,1.2352063883689113
200,2019-04-30,2.24,2.26,2.18,2.21,2.138591,6071848,2019-04-30,0.0,2.3183047142857127,2.03857535714286,1.137218060722025,0.036199095022624264,1.2408153375746025
201,2019-05-01,2.2,2.23,2.185,2.21,2.138591,3898437,2019-05-01,-0.017777990069347473,2.3081669999999983,2.0393557460317493,1.131811850135177,0.020361990950226214,0.7972495613430252
202,2019-05-02,2.21,2.25,2.2,2.25,2.177299,3256107,2019-05-02,0.0,2.298950952380951,2.040066769841273,1.1268998575766325,0.022222222222222143,0.6671131361696916
203,2019-05-03,2.22,2.26,2.22,2.25,2.177299,3730340,2019-05-03,0.01809976755723754,2.291117285714284,2.0412296825396856,1.1224201300383256,0.017777777777777597,0.7639791255871416
204,2019-05-06,2.23,2.25,2.195,2.21,2.138591,1990458,2019-05-06,0.004545510058179868,2.2809795714285697,2.0422360238095267,1.1169030145564163,0.02488687782805437,0.40906263586971214
205,2019-05-07,2.2,2.215,2.17,2.2,2.128914,3330635,2019-05-07,0.02325561275251978,2.270381047619046,2.0432408730158764,1.111166616527157,0.02045454545454542,0.6862569927065124
206,2019-05-08,2.18,2.19,2.14,2.15,2.08053,2457581,2019-05-08,0.0,2.258400142857141,2.0441629761904796,1.1048043473842364,0.023255813953488292,0.506581166430175
207,2019-05-09,2.12,2.18,2.12,2.15,2.08053,2812197,2019-05-09,0.00467295360897173,2.245958428571427,2.0451603968254,1.0981820457983225,0.027906976744186074,0.5787779647847414
208,2019-05-10,2.15,2.17,2.1,2.14,2.070853,2731827,2019-05-10,-0.01382504938368015,2.2316735238095227,2.045855071428575,1.090826791680407,0.032710280373831696,0.5606222279278112
209,2019-05-13,2.09,2.18,2.08,2.17,2.099884,2254130,2019-05-13,0.01877957049761871,2.219231857142856,2.0469307777777814,1.0841753327643695,0.046082949308755804,0.46258767492181785
210,2019-05-14,2.14,2.15,2.13,2.13,2.061176,1309473,2019-05-14,0.014285890032453518,2.2054077142857134,2.0476992777777814,1.0770173815166266,0.009389671361502356,0.26898049755732434
211,2019-05-15,2.12,2.125,2.06,2.1,2.032145,4409483,2019-05-15,-0.036697225961812054,2.1915835714285703,2.047785484126988,1.0702212650769356,0.030952380952380926,0.9031356217812989
212,2019-05-16,2.1,2.18,2.09,2.18,2.10956,3058114,2019-05-16,-0.013574825667928,2.1800634285714273,2.0484107857142893,1.0642706256846965,0.041284403669724905,0.6251231318075717
213,2019-05-17,2.22,2.25,2.19,2.21,2.138591,10153773,2019-05-17,0.009132532133027062,2.1708473333333322,2.049417126984131,1.0592510937623982,0.02714932126696835,2.048847615557692
214,2019-05-20,2.19,2.21,2.13,2.19,2.119237,5150880,2019-05-20,0.009216223372338747,2.1620920476190464,2.0504204920634956,1.0544627582429043,0.036529680365296836,1.0402630743705457
215,2019-05-21,2.15,2.195,2.14,2.17,2.099884,1878080,2019-05-21,-0.009132060265086055,2.153797619047618,2.051345571428575,1.04994382665018,0.025345622119815538,0.3807228721743846
216,2019-05-22,2.16,2.21,2.16,2.19,2.119237,1874593,2019-05-22,-0.009049883778618666,2.145963952380951,2.0527255000000038,1.0454217830786177,0.02283105022831042,0.38023988150707966
217,2019-05-23,2.2,2.25,2.17,2.21,2.138591,4017168,2019-05-23,0.027906831432375365,2.1367478571428555,2.056141888888893,1.0392025320283325,0.036199095022624465,0.828659909620645
218,2019-05-24,2.19,2.2,2.15,2.15,2.08053,2604361,2019-05-24,-0.004629685002490154,2.124766952380951,2.0588715317460355,1.032005600941518,0.023255813953488497,0.5430685306012629
219,2019-05-27,2.17,2.18,2.15,2.16,2.090207,10010181,2019-05-27,-0.013698326331599585,2.1155509047619034,2.06167797619048,1.0261306223346134,0.013888888888889003,2.0669483791999905
220,2019-05-28,2.16,2.2,2.16,2.19,2.119237,6526667,2019-05-28,0.013888576585955416,2.1114036666666656,2.064601849206353,1.0226686891122876,0.018264840182648418,1.347392032706621
221,2019-05-29,2.14,2.18,2.13,2.16,2.090207,5136106,2019-05-29,-0.00460834979456005,2.1090996666666655,2.066918753968258,1.0204076297713323,0.02314814814814827,1.0575744564616696
222,2019-05-30,2.16,2.19,2.15,2.17,2.099884,3283248,2019-05-30,0.014018860826915192,2.107256476190475,2.0686346349206386,1.0186702091407833,0.01843317972350232,0.6788305687788243
223,2019-05-31,2.15,2.17,2.13,2.14,2.070853,2208778,2019-05-31,-0.004651218679855583,2.1021876190476183,2.0704213650793686,1.0153428932409765,0.018691588785046745,0.4593613203958926
224,2019-06-03,2.11,2.17,2.08,2.15,2.08053,3041618,2019-06-03,-0.0092166995891201,2.0975795714285708,2.0724355238095273,1.0121326079051298,0.04186046511627901,0.6339012812493645
225,2019-06-04,2.14,2.17,2.14,2.17,2.099884,3812291,2019-06-04,-0.004586738466789397,2.0957363809523804,2.0744150000000037,1.0102782620412871,0.013824884792626639,0.7948104338840428
226,2019-06-05,2.17,2.18,2.16,2.18,2.10956,3520349,2019-06-05,0.004607873577778697,2.0948147619047615,2.0762829841269874,1.0089254585812473,0.009174311926605512,0.7692896969542582
227,2019-06-06,2.17,2.185,2.16,2.17,2.099884,3525384,2019-06-06,-0.01363606045147907,2.0957363809523804,2.077885888888892,1.0085906989209275,0.011520737327188899,0.7687047440957195
228,2019-06-07,2.19,2.2,2.18,2.2,2.128914,3223972,2019-06-07,-0.03083692819800308,2.0980403809523804,2.07983216666667,1.0087546555811244,0.009090909090909097,0.7024452003936337
229,2019-06-11,2.22,2.27,2.205,2.27,2.196652,6604823,2019-06-11,-0.013043636492708193,2.104030809523809,2.082278388888892,1.010446451709334,0.028634361233480152,1.4311134963775667
230,2019-06-12,2.26,2.32,2.255,2.3,2.225683,20305161,2019-06-12,0.00877203717124684,2.1100212380952375,2.0848796984127014,1.0120589882004594,0.02826086956521737,4.273383675756691
231,2019-06-13,2.29,2.31,2.27,2.28,2.206329,3874117,2019-06-13,0.008849666777169522,2.1169332857142846,2.0874027222222256,1.0141470369745524,0.017543859649122823,0.8134070239048966
232,2019-06-14,2.27,2.285,2.26,2.26,2.186975,2035765,2019-06-14,0.00892821718915924,2.1243061428571415,2.0904499682539717,1.016195639750923,0.011061946902655025,0.42799202618493104
233,2019-06-17,2.25,2.27,2.22,2.24,2.167622,1850401,2019-06-17,0.01818204023271968,2.1270709999999986,2.0933436190476225,1.0161117270215392,0.02232142857142849,0.38935123452769443
234,2019-06-18,2.19,2.22,2.18,2.2,2.128914,9648204,2019-06-18,-0.017857357048415352,2.1266101904761894,2.09577943650794,1.0147108772188456,0.018181818181818195,2.0062357439711556
235,2019-06-19,2.19,2.245,2.18,2.24,2.167622,28990997,2019-06-19,0.08737868948018454,2.1289142380952373,2.098484801587305,1.014500670428928,0.029017857142857116,5.782020361713486
236,2019-06-20,2.1,2.1,1.96,2.06,1.993438,22358796,2019-06-20,0.014778505676267713,2.1238453809523796,2.099694785714289,1.0115019551424351,0.06796116504854374,4.327447913464507
237,2019-06-21,2.03,2.13,2.02,2.03,1.964407,7729027,2019-06-21,-0.04245286007938593,2.1164725238095228,2.1004484206349243,1.0076288962952753,0.05418719211822654,1.484964522555826
238,2019-06-24,2.03,2.12,1.985,2.12,2.051499,8498034,2019-06-24,-0.01395365603956675,2.112325285714285,2.1024581190476224,1.0046931572987206,0.06367924528301887,1.6326450178119551
239,2019-06-25,2.14,2.19,2.13,2.15,2.08053,6547312,2019-06-25,0.01895757808467153,2.112325285714285,2.1047735396825433,1.0035879138013493,0.027906976744186074,1.2505402788210151
240,2019-06-26,2.12,2.15,2.09,2.11,2.041822,6501610,2019-06-26,-0.00471703861420375,2.110021238095237,2.1070830079365117,1.0013944539193085,0.028436018957345998,1.2364643977613112
241,2019-06-27,2.09,2.14,2.09,2.12,2.051499,3156579,2019-06-27,0.004739394521168045,2.106795619047618,2.1104107063492097,0.9982870219096617,0.02358490566037748,0.6284236378116304
242,2019-06-28,2.13,2.14,2.1,2.11,2.041822,3723910,2019-06-28,0.0,2.10449157142857,2.11351097619048,0.9957325015750963,0.018957345971564,0.7385410840043765
243,2019-07-01,2.14,2.17,2.1,2.11,2.041822,3077977,2019-07-01,0.004761963344151099,2.101726714285713,2.116159357142861,0.9931797939467875,0.03317535545023689,0.6103925226511479
244,2019-07-02,2.13,2.15,2.1,2.1,2.032145,3210705,2019-07-02,0.0,2.099883476190475,2.1184673412698456,0.9912276839404893,0.023809523809523725,0.6366320590873308
245,2019-07-03,2.08,2.12,2.06,2.1,2.032145,2969060,2019-07-03,0.0,2.0975794285714273,2.121038920634925,0.9889396220713973,0.028571428571428595,0.5880507270153528
246,2019-07-04,2.1,2.12,2.09,2.1,2.032145,1834069,2019-07-04,-0.03225844856192056,2.0943537619047605,2.1240247301587347,0.986030780229307,0.014285714285714403,0.3630070972644493
247,2019-07-05,2.13,2.18,2.12,2.17,2.099884,2833862,2019-07-05,0.004629685002490154,2.0938929999999987,2.126757349206353,0.9845472031782946,0.027649769585253482,0.5595694777925599
248,2019-07-08,2.16,2.18,2.15,2.16,2.090207,2904248,2019-07-08,-0.00460834979456005,2.093432190476189,2.1297897380952424,0.9829290436662684,0.013888888888889003,0.5791457330292912
249,2019-07-09,2.16,2.175,2.15,2.17,2.099884,3023754,2019-07-09,-0.01809929995964635,2.0920498095238083,2.132409388888893,0.9810732500169143,0.011520737327188899,0.603512715696752
250,2019-07-10,2.17,2.21,2.15,2.21,2.138591,2947680,2019-07-10,-0.008968717923765376,2.0892849999999985,2.1353362380952423,0.978433729885874,0.02714932126696835,0.5885432377929259
251,2019-07-11,2.22,2.24,2.2,2.23,2.157945,1909017,2019-07-11,0.004504559021500081,2.086059380952379,2.138793261904766,0.9753440961818707,0.01793721973094172,0.38159744035294724
252,2019-07-12,2.24,2.24,2.195,2.22,2.148268,2026668,2019-07-12,0.013698798199540592,2.0832945714285698,2.1421734841269884,0.9725144050494987,0.020270270270270438,0.40530494236720993
253,2019-07-15,2.2,2.22,2.18,2.19,2.119237,1494934,2019-07-15,0.00458721249928892,2.080068952380951,2.145210325396829,0.9696340390288639,0.018264840182648418,0.29913273546610114
254,2019-07-16,2.15,2.18,2.15,2.18,2.10956,1711542,2019-07-16,-0.004566266066513531,2.0773040952380937,2.148170365079369,0.9670108707422482,0.01376146788990837,0.343389186942418
255,2019-07-17,2.19,2.21,2.16,2.19,2.119237,1635785,2019-07-17,-0.004545510058179868,2.076843285714284,2.1512448650793687,0.9654146394151464,0.02283105022831042,0.3277512687158735
256,2019-07-18,2.19,2.22,2.16,2.2,2.128914,3397151,2019-07-18,-0.017857357048415352,2.0750000476190458,2.154433825396829,0.9631300916085681,0.027272727272727296,0.6783512048827819
257,2019-07-19,2.19,2.25,2.19,2.24,2.167622,4064589,2019-07-19,-0.013215566234432978,2.0832945238095224,2.1580806190476225,0.965346014148858,0.02678571428571431,0.810963576017339
258,2019-07-22,2.24,2.28,2.23,2.27,2.196652,8018989,2019-07-22,-0.029914458198455344,2.094353809523808,2.161731865079368,0.9688314463768676,0.022026431718061595,1.5853610997677623
259,2019-07-23,2.28,2.34,2.255,2.34,2.26439,6461209,2019-07-23,-0.03703747805108515,2.1044914761904745,2.1659583730158762,0.9716213858995751,0.036324786324786314,1.2672979446862045
260,2019-07-24,2.33,2.43,2.32,2.43,2.351483,6180962,2019-07-24,0.021008658771793524,2.117393999999998,2.170876095238098,0.9753638195402239,0.04526748971193428,1.211245037723202
261,2019-07-25,2.39,2.42,2.3,2.38,2.303098,27957920,2019-07-25,0.0,2.1298357142857123,2.175447468253971,0.979033392148574,0.05042016806722694,5.268703538058036
262,2019-07-26,2.37,2.42,2.34,2.38,2.303098,3983460,2019-07-26,0.0,2.141816619047617,2.1800565000000027,0.9824592248171616,0.033613445378151294,0.7491757325130581
263,2019-07-29,2.36,2.42,2.35,2.38,2.303098,3443887,2019-07-29,0.0,2.154258333333331,2.1847785000000024,0.9860305442100098,0.029411764705882287,0.6474673789952702
264,2019-07-30,2.38,2.4,2.36,2.38,2.303098,2277094,2019-07-30,-0.008333433801861271,2.166700047619045,2.1898017619047643,0.9894503170617488,0.016806722689075647,0.42840204014051386
265,2019-07-31,2.38,2.43,2.36,2.4,2.322452,3402551,2019-07-31,-0.00826456162466057,2.180524190476188,2.1945643968253994,0.9936022809950249,0.029166666666666785,0.6387142786312943
266,2019-08-01,2.4,2.44,2.4,2.42,2.341806,3666122,2019-08-01,0.012552453221779142,2.19526995238095,2.199292349206352,0.9981710495074227,0.016528925619834725,0.6934189014890181
267,2019-08-02,2.39,2.41,2.37,2.39,2.312775,4229654,2019-08-02,0.01702148617432984,2.208633285714283,2.203865206349209,1.0021635077096993,0.01673640167364018,0.7960203327196255
268,2019-08-05,2.39,2.4,2.35,2.35,2.274067,727047,2019-08-05,0.026200741333732812,2.216927714285712,2.207904920634923,1.0040865861416688,0.021276595744680774,0.13723822888156118
269,2019-08-06,2.25,2.32,2.24,2.29,2.216006,15184779,2019-08-06,0.0,2.2229181428571403,2.210994285714288,1.0053929841519242,0.034934497816593725,2.815367749846876
270,2019-08-07,2.27,2.31,2.25,2.29,2.216006,2831029,2019-08-07,0.0,2.2284477619047593,2.2120878253968277,1.0073956993570077,0.026200873362445438,0.5291828852306641
271,2019-08-08,2.28,2.31,2.28,2.29,2.216006,3053235,2019-08-08,-0.004347878830902665,2.232134190476188,2.2127294841269864,1.0087695791502762,0.013100436681222816,0.5753393208516134
272,2019-08-09,2.28,2.33,2.28,2.3,2.225683,1862295,2019-08-09,0.004366865432674792,2.2353598095238074,2.213523253968256,1.0098650671577107,0.021739130434782726,0.3525633996577576
273,2019-08-12,2.28,2.31,2.28,2.29,2.216006,1615137,2019-08-12,-0.004347878830902665,2.2385854285714264,2.2143908492063513,1.0109260654566679,0.013100436681222816,0.31075105905755296
274,2019-08-13,2.28,2.31,2.28,2.3,2.225683,2390190,2019-08-13,0.004366865432674792,2.243654285714283,2.2149586825396845,1.0129553672494225,0.013043478260869674,0.4607556529764846
275,2019-08-14,2.31,2.325,2.28,2.29,2.216006,2975610,2019-08-14,0.03619906751688389,2.2487231428571404,2.2151484523809546,1.0151568579704435,0.019650655021834225,0.5774177272413824
276,2019-08-15,2.25,2.26,2.19,2.21,2.138591,4393557,2019-08-15,0.023147946590935723,2.2496447619047593,2.214799134920637,1.0157330867773573,0.03167420814479631,0.8641593866370438
277,2019-08-16,2.17,2.2,2.13,2.16,2.090207,2333145,2019-08-16,-0.02702688863773045,2.247801571428569,2.213990500000002,1.0152715521717761,0.03240740740740754,0.45919970276446787
278,2019-08-19,2.22,2.22,2.19,2.22,2.148268,1256844,2019-08-19,-0.013333492552010657,2.24687995238095,2.213793293650796,1.0149456856812455,0.013513513513513624,0.24857286582029683
279,2019-08-20,2.22,2.25,2.22,2.25,2.177299,1995930,2019-08-20,-0.004424376135986829,2.2459583809523784,2.2139018095238114,1.0144796717228675,0.013333333333333246,0.39516505506161737
280,2019-08-21,2.22,2.27,2.22,2.26,2.186975,2166170,2019-08-21,0.00892821718915924,2.24227195238095,2.2140871190476212,1.0127297761189507,0.022123893805309658,0.42911269878999936
281,2019-08-22,2.26,2.32,2.23,2.24,2.167622,3147864,2019-08-22,-0.017543621100932837,2.233516666666664,2.213817579365081,1.0088982432361173,0.04017857142857136,0.6226421152689753
282,2019-08-23,2.22,2.3,2.21,2.28,2.206329,3854180,2019-08-23,0.08571435601298152,2.2289086190476164,2.2135539761904774,1.006936647139531,0.03947368421052626,0.7602414548878211
283,2019-08-26,2.2,2.2,2.06,2.1,2.032145,11110331,2019-08-26,0.0659895947535231,2.2160060952380927,2.2119079603174616,1.0018527601483214,0.06666666666666672,2.1617069999898777
284,2019-08-27,2.06,2.06,1.965,1.97,1.906346,21793586,2019-08-27,0.010256535268830018,2.19711314285714,2.208962285714287,0.9946358781524804,0.04822335025380709,4.123955860943922
285,2019-08-28,1.975,1.985,1.94,1.95,1.886992,6253204,2019-08-28,-0.0025578394687474928,2.177298571428569,2.206088952380954,0.9869495829162679,0.023076923076923155,1.1806870365337214
286,2019-08-29,1.935,1.985,1.9,1.955,1.891831,5578010,2019-08-29,-0.005088595519238171,2.1567928095238074,2.2029527619047635,0.9790463267396418,0.04347826086956531,1.0517092696085342
287,2019-08-30,1.97,1.975,1.945,1.965,1.901507,8201170,2019-08-30,0.026109437959595763,2.1358261904761884,2.1997427380952397,0.9709436260376535,0.015267175572519097,1.5395621897028013
288,2019-09-02,1.945,1.945,1.9,1.915,1.853123,7355643,2019-09-02,-0.0026039297918524114,2.113937999999998,2.1957721428571446,0.9627310405939189,0.02349869451697136,1.3758149201666905
289,2019-09-03,1.88,1.945,1.86,1.92,1.857961,3969529,2019-09-03,0.01856759417836377,2.0941234285714265,2.1917646269841287,0.9554508740534532,0.044270833333333315,0.745245733366102
290,2019-09-04,1.885,1.915,1.87,1.885,1.824092,5367137,2019-09-04,-0.018229123216256922,2.075460857142855,2.187488309523811,0.948787176647658,0.023872679045092802,1.015898716593107
291,2019-09-05,1.9,1.92,1.882,1.92,1.857961,33165744,2019-09-05,-0.005181410958654695,2.0584110952380934,2.183179539682541,0.942850121954427,0.019791666666666687,6.032774798865786
292,2019-09-06,1.895,1.955,1.89,1.93,1.867638,3679684,2019-09-06,0.018469610948816304,2.0418221428571406,2.1793994603174616,0.9368737489545488,0.03367875647668403,0.6912226429634781
293,2019-09-09,1.93,1.94,1.89,1.895,1.833769,12850198,2019-09-09,-0.03316340384115518,2.0231595714285695,2.1749740079365094,0.9301994249338305,0.026385224274406354,2.386456086546177
294,2019-09-10,1.895,1.96,1.89,1.96,1.896669,9767573,2019-09-10,-0.04854377211631368,2.0079530476190457,2.1707465079365096,0.9250057711841196,0.03571428571428575,1.8115201860773482
295,2019-09-11,1.95,2.06,1.95,2.06,1.993438,12490560,2019-09-11,0.02999983982448905,1.99689376190476,2.167362325396827,0.9213474546943342,0.05339805825242723,2.298743743074913
296,2019-09-12,2.07,2.08,1.98,2.0,1.935377,5763903,2019-09-12,0.005025185646777762,1.9835304761904744,2.1633667142857163,0.9168720509067189,0.050000000000000044,1.0634990776004039
297,2019-09-13,2.01,2.02,1.965,1.99,1.9257,3536514,2019-09-13,0.0,1.9733928095238078,2.159369619047621,0.9138744900903824,0.02763819095477384,0.6581338936402361
298,2019-09-16,1.985,2.02,1.975,1.99,1.9257,3764227,2019-09-16,0.015306308059023494,1.965559142857141,2.1554478333333353,0.9119029059578133,0.022613065326633132,0.7117443007356646
299,2019-09-17,2.01,2.03,1.955,1.96,1.896669,4940176,2019-09-17,0.007711908802361461,1.9535782380952365,2.1515215873015894,0.9079984368390136,0.03826530612244884,0.9337507844489482
300,2019-09-18,1.97,2.0,1.93,1.945,1.882154,5431976,2019-09-18,-0.017676718912038075,1.9395237142857127,2.147555452380954,0.903130912002947,0.035989717223650415,1.0308013848685136
301,2019-09-19,1.965,2.0,1.94,1.98,1.916023,7656288,2019-09-19,0.005076203375462762,1.9266212380952368,2.144008746031748,0.8986069864039202,0.03030303030303033,1.4572920811690835
302,2019-09-20,1.985,2.0,1.955,1.97,1.906346,6318394,2019-09-20,-0.012531221866650639,1.9141795238095223,2.1403099285714307,0.8943468879234509,0.022842639593908594,1.1978602197798944
303,2019-09-23,1.98,2.01,1.975,1.995,1.930538,4003321,2019-09-23,-0.0025002880575721504,1.9010466190476174,2.1368784206349227,0.8896372393908899,0.017543859649122653,0.7592086458625458
304,2019-09-24,1.995,2.01,1.965,2.0,1.935377,4288631,2019-09-24,0.0362698767105831,1.8964386190476175,2.133560634920637,0.8888608966663655,0.022499999999999853,0.8121737527188471
305,2019-09-25,1.97,1.97,1.93,1.93,1.867638,5594127,2019-09-25,-0.0005239168861249058,1.8945953809523794,2.129643801587304,0.8896301717405822,0.020725388601036288,1.0552923056448757
306,2019-09-26,1.91,1.93,1.9,1.91,1.868617,3093613,2019-09-26,-0.023017898801762162,1.8937203809523795,2.125811531746034,0.8908223295773419,0.015706806282722526,0.587471209263762
307,2019-09-27,1.91,1.965,1.91,1.955,1.912642,2913698,2019-09-27,0.002564277290001256,1.8947113809523792,2.122175071428574,0.8928157749383635,0.02813299232736581,0.5560103511178316
308,2019-09-30,1.945,1.975,1.935,1.95,1.90775,3681261,2019-09-30,0.015624999999999993,1.8950086666666648,2.118730182539685,0.8944077364278404,0.02051282051282053,0.701092833951415
309,2019-10-01,1.93,1.955,1.895,1.92,1.8784,8561149,2019-10-01,0.010526497001075467,1.8962123333333314,2.1149755555555583,0.8965646569069861,0.03125000000000003,1.619514993333489
310,2019-10-02,1.905,1.915,1.885,1.9,1.858833,3539251,2019-10-02,0.013333151618398565,1.8962538571428549,2.111065634920638,0.8982448606881621,0.01578947368421054,0.6705706244330093
311,2019-10-03,1.895,1.945,1.85,1.875,1.834375,4314365,2019-10-03,0.0,1.8967435238095216,2.1071152063492096,0.9001612812124411,0.05066666666666665,0.816825140077866
312,2019-10-04,1.87,1.8975,1.86,1.875,1.834375,6390701,2019-10-04,-0.002659755217703518,1.8956203809523786,2.103087976190479,0.9013509669652974,0.019999999999999928,1.2077057265919622
313,2019-10-07,1.865,1.89,1.85,1.88,1.839267,1859025,2019-10-07,-0.0026521588714198993,1.8942693809523785,2.098869174603178,0.902519034475085,0.021276595744680753,0.3518344758467327
314,2019-10-08,1.9,1.91,1.875,1.885,1.844158,1881914,2019-10-08,0.030054458625408356,1.894764095238093,2.094765992063495,0.9045230361848744,0.018567639257294388,0.35625191472069345
315,2019-10-09,1.875,1.875,1.825,1.83,1.79035,4789344,2019-10-09,0.025210084033613564,1.8897012857142832,2.090312555555559,0.9040280989041097,0.027322404371584723,0.9049688976720083
316,2019-10-10,1.83,1.84,1.78,1.785,1.746325,7600426,2019-10-10,-0.045454371535565,1.8779339999999975,2.0857401190476224,0.9003681632482038,0.033613445378151294,1.4247387772716629
317,2019-10-11,1.825,1.895,1.825,1.87,1.829483,4360619,2019-10-11,-0.015789476515641797,1.8728914285714262,2.0815972619047654,0.8997376499513826,0.037433155080213935,0.8154614640533995
318,2019-10-14,1.88,1.92,1.88,1.9,1.858833,3842245,2019-10-14,0.01876638722519882,1.8697072857142831,2.077840944444448,0.8998317656187039,0.02105263157894739,0.7160219585707052
319,2019-10-15,1.9,1.9225,1.86,1.865,1.824592,3771791,2019-10-15,-0.02356020522129467,1.8648926190476167,2.0740432777777813,0.8991580065029995,0.03351206434316354,0.7008621858867046
320,2019-10-16,1.89,1.93,1.875,1.91,1.868617,6635579,2019-10-16,0.013262963368648462,1.863556809523807,2.070825420634924,0.8999101474002732,0.028795811518324575,1.2306774950614876
321,2019-10-17,1.92,1.94,1.865,1.885,1.844158,3294371,2019-10-17,0.008021391835835586,1.8617474761904738,2.0673366428571462,0.9005536097001892,0.03978779840848804,0.6100514413280426
322,2019-10-18,1.87,1.925,1.86,1.87,1.829483,4141660,2019-10-18,0.0,1.8576265238095213,2.063347388888892,0.900297513551438,0.034759358288770026,0.7664984406127047
323,2019-10-21,1.855,1.89,1.85,1.87,1.829483,2799408,2019-10-21,-0.043478601850215556,1.8539663809523788,2.059358134920638,0.900264188882244,0.0213903743315507,0.5184566541084109
324,2019-10-22,1.88,1.965,1.875,1.955,1.912642,5262312,2019-10-22,-0.005088885132059818,1.8531141904761883,2.056412880952384,0.901139166964349,0.0460358056265985,0.9705172873691947
325,2019-10-23,1.95,2.0,1.95,1.965,1.922425,6483980,2019-10-23,0.007692307692307688,1.8524974285714262,2.054159674603177,0.9018273756782281,0.025445292620865163,1.1950299890139293
326,2019-10-24,1.99,1.99,1.94,1.95,1.90775,2979256,2019-10-24,-0.010152455460103288,1.8544075238095215,2.052327603174606,0.9035631158208196,0.025641025641025664,0.5515869901826058
327,2019-10-25,1.975,2.01,1.955,1.97,1.927317,4592919,2019-10-25,-0.0343135584727929,1.8572027619047595,2.050650825396828,0.9056650400466723,0.02791878172588818,0.8494777794490163
328,2019-10-28,2.0,2.07,1.99,2.04,1.9958,7037513,2019-10-28,-0.004877883388520992,1.8611626666666645,2.0492103571428597,0.9082340718117474,0.03921568627450973,1.294429744334084
329,2019-10-29,2.08,2.11,2.05,2.05,2.005583,4194688,2019-10-29,0.009851879414929578,1.865821380952379,2.0478475317460343,0.9111134261843916,0.02926829268292686,0.7710182386531764
330,2019-10-30,2.04,2.1,2.03,2.03,1.986017,3731041,2019-10-30,0.017544030433835806,1.8709459999999978,2.0466366269841294,0.9141564141539748,0.0344827586206898,0.6840591652684954
331,2019-10-31,2.05,2.05,1.97,1.995,1.951775,2788763,2019-10-31,-0.0074626865671641755,1.8753718095238074,2.0452307619047643,0.9169487592574816,0.04010025062656634,0.5117028305181969
332,2019-11-01,1.98,2.025,1.98,2.01,1.96645,7462192,2019-11-01,-0.028985507246376798,1.881661095238093,2.0443253650793674,0.9204313204640205,0.022388059701492505,1.3593114891142453
333,2019-11-04,2.03,2.08,2.02,2.07,2.02515,3281258,2019-11-04,0.004854202733298748,1.8907456190476166,2.0438858412698435,0.9250739845004834,0.02898550724637684,0.5973082880417099
334,2019-11-05,2.09,2.1,2.05,2.06,2.015367,4130164,2019-11-05,-0.01435406464562088,1.8991313333333308,2.0434454761904783,0.929377052366385,0.024271844660194303,0.7503242300559323
335,2019-11-06,2.06,2.1,2.06,2.09,2.044717,4211326,2019-11-06,0.004808020706332736,1.9086817619047594,2.043007642857145,0.934250916083441,0.01913875598086126,0.7629159866442973
336,2019-11-07,2.09,2.09,2.06,2.08,2.034933,2635332,2019-11-07,-0.009523971769286878,1.9203285714285692,2.0427993650793677,0.94004756622487,0.014423076923076828,0.4765034995519766
337,2019-11-08,2.1,2.12,2.08,2.1,2.0545,1548890,2019-11-08,-0.032257912569248114,1.9350035714285692,2.0429767857142886,0.9471490743112049,0.019047619047619063,0.28121455551431573
338,2019-11-11,2.1,2.18,2.09,2.17,2.122983,2867298,2019-11-11,0.009302007162631184,1.9489797619047593,2.04308331746032,0.953940421934169,0.041474654377880324,0.5207262599912098
339,2019-11-12,2.15,2.17,2.14,2.15,2.103417,1713530,2019-11-12,-0.0046294718909710856,1.9606266190476167,2.042804158730161,0.9597721889632206,0.013953488372092933,0.31502430387878355
340,2019-11-13,2.15,2.19,2.15,2.16,2.1132,4156234,2019-11-13,0.0,1.9743698571428545,2.0427562460317485,0.9665224918431942,0.018518518518518535,0.7652143019258852
341,2019-11-14,2.17,2.19,2.15,2.16,2.1132,3145279,2019-11-14,-0.013698630136986295,1.9860166666666639,2.042861928571431,0.9721737132061005,0.018518518518518535,0.5780146528061363
342,2019-11-15,2.17,2.19,2.15,2.19,2.14255,2013958,2019-11-15,0.013888888888888883,2.000225809523807,2.043046952380955,0.9790405488198671,0.018264840182648418,0.370034156545943
343,2019-11-18,2.19,2.2,2.16,2.16,2.1132,3305726,2019-11-18,0.004651003581315592,2.01373614285714,2.042845436507939,0.9857506137612846,0.018518518518518535,0.6080076504643143
344,2019-11-19,2.15,2.15,2.12,2.15,2.103417,3289915,2019-11-19,0.00467321636600101,2.026780619047616,2.0430270793650815,0.9920478487624772,0.013953488372092933,0.6044946718113943
345,2019-11-20,2.14,2.17,2.12,2.14,2.093633,4078627,2019-11-20,-0.022831205806165492,2.035399238095235,2.0430542698412717,0.9962531432184465,0.023364485981308327,0.7559528145183597
346,2019-11-21,2.13,2.21,2.13,2.19,2.14255,5629893,2019-11-21,0.0,2.045881380952378,2.043239293650796,1.0012930875545474,0.036529680365296836,1.0448504057764378
347,2019-11-22,2.18,2.2,2.175,2.19,2.14255,2923219,2019-11-22,-0.013513513513513507,2.0570623333333304,2.0436547142857164,1.0065606087730432,0.011415525114155414,0.5442935594215311
348,2019-11-25,2.23,2.255,2.19,2.22,2.1719,2677638,2019-11-25,0.0,2.06870914285714,2.044226269841272,1.0119765964155079,0.029279279279279254,0.4990137898965897
349,2019-11-26,2.29,2.33,2.21,2.22,2.1719,4336122,2019-11-26,-0.030567541353420408,2.0770948571428542,2.0450282301587324,1.0156802857345557,0.0540540540540541,0.8055598544360612
350,2019-11-27,2.21,2.3,2.21,2.29,2.240383,4646333,2019-11-27,0.0,2.0882758095238065,2.046296904761907,1.020514571792691,0.03930131004366806,0.8611529742084123
351,2019-11-28,2.29,2.3,2.27,2.29,2.240383,2643415,2019-11-28,0.008810271174977586,2.1003884761904734,2.047411976190479,1.0258748608565655,0.013100436681222622,0.49077527689875217
352,2019-11-29,2.28,2.29,2.255,2.27,2.220817,5207234,2019-11-29,-0.004385815475656817,2.113199999999997,2.048294968253971,1.0316873461840084,0.015418502202643234,0.9643757371756213
353,2019-12-02,2.29,2.29,2.26,2.28,2.2306,2247480,2019-12-02,0.02242168087664426,2.1257785714285684,2.0493323968254,1.0373029649663426,0.013157894736842216,0.41701485216947065
354,2019-12-03,2.27,2.27,2.22,2.23,2.181683,3722927,2019-12-03,0.0276497739265929,2.133232523809521,2.0497511984127015,1.040727540718828,0.02242152466367705,0.6902735334134983
355,2019-12-04,2.16,2.19,2.15,2.17,2.122983,4341279,2019-12-04,0.01401869382074126,2.1383570952380926,2.049166523809527,1.0435252920600884,0.01843317972350232,0.8076131526277667
356,2019-12-05,2.15,2.19,2.13,2.14,2.093633,2893623,2019-12-05,0.004694675720421382,2.1406864285714255,2.048118507936511,1.0451965646891093,0.028037383177570117,0.552507368516497
357,2019-12-06,2.14,2.16,2.12,2.13,2.08385,2962956,2019-12-06,0.07035194205301504,2.1430158095238063,2.0471464523809555,1.046830727245405,0.018779342723004713,0.5665280311652011
358,2019-12-09,2.05,2.1,1.985,1.99,1.946883,8806717,2019-12-09,0.028423596529455968,2.1378911904761875,2.0452409603174635,1.0453003983180265,0.057788944723618084,1.6667509099762974
359,2019-12-10,1.96,1.9869999999999999,1.93,1.935,1.893075,6947189,2019-12-10,-0.0300751879699248,2.126943190476188,2.043062015873019,1.0410565973776014,0.02945736434108524,1.3048290748319467
360,2019-12-11,1.95,2.005,1.942,1.995,1.951775,4098773,2019-12-11,0.02046018021145624,2.1197221428571402,2.0416561507936537,1.038236601218643,0.031578947368421026,0.7762576658269457
361,2019-12-12,1.97,1.985,1.94,1.955,1.912642,2551735,2019-12-12,-0.005088885132059818,2.110171761904759,2.0396325000000033,1.034584299821049,0.02301790281329931,0.5032675048545558
362,2019-12-13,1.95,1.97,1.94,1.965,1.922425,2508413,2019-12-13,-0.005063119498521834,2.1010872380952352,2.0390689047619075,1.0304150257936326,0.015267175572519097,0.5105880118944278
363,2019-12-16,1.97,1.99,1.965,1.975,1.932208,3841947,2019-12-16,0.015424167226351093,2.0910709523809494,2.03881335714286,1.0256313777104746,0.01265822784810122,0.786970925278241
364,2019-12-17,1.97,1.975,1.93,1.945,1.902858,5787579,2019-12-17,-0.015189876038190499,2.081054666666664,2.0376336666666695,1.0213095222710107,0.023136246786632467,1.1907542281207655
365,2019-12-18,1.965,1.995,1.95,1.975,1.932208,3020304,2019-12-18,0.005088885132059703,2.072901857142855,2.036456507936511,1.0178964535035777,0.022784810126582355,0.6250061212064354
366,2019-12-19,1.98,1.98,1.955,1.965,1.922425,2882249,2019-12-19,-0.0075757575757575725,2.064749095238093,2.035508912698415,1.0143650476582364,0.012722646310432524,0.6000042903311641
367,2019-12-20,1.94,1.985,1.91,1.98,1.9371,9638243,2019-12-20,0.005075968302048961,2.0549657619047594,2.0346009841269868,1.0100092243819054,0.03787878787878797,1.985156290066943
368,2019-12-23,1.985,1.985,1.955,1.97,1.927317,1464315,2019-12-23,0.00254470265419972,2.044716571428569,2.0336922142857166,1.0054208582131612,0.0152284263959391,0.3027181424071561
369,2019-12-24,1.97,1.98,1.96,1.965,1.922425,1370173,2019-12-24,-0.002538243579027164,2.0328368095238067,2.0327446190476213,1.0000453527094952,0.010178117048346065,0.28405206722176823
370,2019-12-27,1.99,1.99,1.94,1.97,1.927317,1385872,2019-12-27,0.0,2.0211899999999976,2.031912650793653,0.994722878077723,0.0253807106598985,0.2881718644396969
371,2019-12-30,1.97,1.975,1.955,1.97,1.927317,1292235,2019-12-30,0.026041844122657514,2.0062820952380926,2.0310806825396845,0.9877904469700418,0.0101522842639594,0.2694470389300239
372,2019-12-31,1.95,1.96,1.92,1.92,1.8784,1496310,2019-12-31,0.0026111444413368496,1.989044809523807,2.0298604841269863,0.9798923744157059,0.020833333333333353,0.31217369737376294
373,2020-01-02,1.92,1.93,1.91,1.915,1.873508,1312039,2020-01-02,-0.0026043441226576438,1.9725062857142834,2.0280638492063514,0.9726056142099226,0.010443864229765022,0.2744209075836862
374,2020-01-03,1.945,1.95,1.92,1.92,1.8784,1774195,2020-01-03,-0.005181171528395222,1.9557348571428546,2.0263828412698435,0.9651359147500889,0.015625000000000014,0.37178104202050055
375,2020-01-06,1.92,1.93,1.885,1.93,1.888183,1872819,2020-01-06,-0.010256584982309061,1.941758666666664,2.024702674603177,0.9590339811484819,0.023316062176165768,0.3932002439317497
376,2020-01-07,1.945,1.962,1.945,1.95,1.90775,3163781,2020-01-07,-0.005101867868766731,1.9315094761904736,2.0228706031746055,0.9548359015941239,0.008717948717948669,0.6639999260438929
377,2020-01-08,1.95,1.975,1.9369999999999998,1.96,1.917533,2393966,2020-01-08,-0.002544702654199835,1.9231237619047594,2.0209625714285737,0.9515880150839933,0.019387755102040948,0.502029141487635
378,2020-01-09,1.98,1.98,1.952,1.965,1.922425,2028756,2020-01-09,0.0025511946860889063,1.9154368571428546,2.0191701666666693,0.9486257714994561,0.014249363867684491,0.4254409183673508
379,2020-01-10,1.98,1.98,1.945,1.96,1.917533,1438160,2020-01-10,0.01818146097365675,1.9140392380952356,2.017569341269844,0.9486857273963891,0.017857142857142818,0.301618297551138
380,2020-01-13,1.93,1.945,1.92,1.925,1.883292,1261696,2020-01-13,-0.012820338094614121,1.913573380952378,2.015773563492066,0.9492997703756767,0.012987012987013056,0.2648076395459382
381,2020-01-14,1.945,1.955,1.925,1.95,1.90775,1969888,2020-01-14,0.0077519379844961205,1.9114769523809496,2.0140950952380976,0.9490500011147602,0.0153846153846154,0.41321463000804004
382,2020-01-15,1.96,1.97,1.93,1.935,1.893075,3168280,2020-01-15,0.0078124999999999965,1.910545190476188,2.01222335714286,0.9494697413655689,0.020671834625323016,0.664849305806682
383,2020-01-16,1.945,1.95,1.915,1.92,1.8784,2642760,2020-01-16,0.010526497001075467,1.9084487619047596,2.009927944444447,0.9495110345521682,0.018229166666666626,0.5558876239040599
384,2020-01-17,1.93,1.935,1.9,1.9,1.858833,2572249,2020-01-17,0.005290825018252549,1.9049547142857117,2.007246841269844,0.9490385911284239,0.018421052631579022,0.5460209202848417
385,2020-01-20,1.91,1.92,1.885,1.89,1.84905,2505449,2020-01-20,0.02717410324681558,1.9023924285714258,2.0039504920634945,0.9493210716061687,0.018518518518518476,0.5354091709162867
386,2020-01-21,1.89,1.89,1.825,1.84,1.8001330000000002,19086875,2020-01-21,-0.0054057727509050375,1.89610314285714,1.999574698412701,0.9482532182280069,0.03532608695652171,3.991457456138051
387,2020-01-22,1.845,1.87,1.83,1.85,1.809917,4400876,2020-01-22,0.013699006081352674,1.8907456190476164,1.995660563492066,0.9474284623529031,0.02162162162162164,0.9577593489212634
388,2020-01-23,1.86,1.87,1.82,1.825,1.7854580000000002,2769028,2020-01-23,0.0,1.8835245714285687,1.9915523095238121,0.9457570169868783,0.02739726027397263,0.603888198320408
389,2020-01-24,1.84,1.84,1.815,1.825,1.7854580000000002,3494844,2020-01-24,0.028168624772680655,1.876769380952378,1.9874440555555581,0.9443130616462848,0.013698630136986375,0.7621118023838492
390,2020-01-28,1.815,1.82,1.775,1.775,1.7365419999999998,3516085,2020-01-28,0.002825051251696299,1.8679178095238067,1.982947579365082,0.94199051400133,0.025352112676056426,0.7651031517491211
391,2020-01-29,1.78,1.7875,1.7519999999999998,1.77,1.73165,3973672,2020-01-29,0.02608695652173912,1.8586003333333305,1.9782586746031772,0.939513298839016,0.020056497175141418,0.8638224745181061
392,2020-01-30,1.77,1.77,1.725,1.725,1.687625,2485567,2020-01-30,0.002907175410477747,1.8471864285714255,1.9730667619047644,0.9362006720888572,0.026086956521739087,0.5414313888736354
393,2020-01-31,1.735,1.76,1.715,1.72,1.6827330000000005,4765323,2020-01-31,0.023809321002677374,1.8378689523809493,1.9680664285714313,0.9338449788582649,0.02616279069767438,1.0370705401976938
394,2020-02-03,1.715,1.725,1.68,1.68,1.6436,2225785,2020-02-03,0.0029852786463478854,1.826920952380949,1.9630627222222248,0.9306482832666902,0.026785714285714378,0.4831437743367287
395,2020-02-04,1.69,1.695,1.67,1.675,1.6387080000000005,3107999,2020-02-04,-0.005935121310870389,1.8155070476190445,1.958480992063495,0.9269975327696134,0.014925373134328438,0.6889774193387548
396,2020-02-05,1.68,1.715,1.68,1.685,1.6484919999999998,11850845,2020-02-05,-0.008823527643345494,1.8040931904761872,1.9539769126984157,0.9232929922312946,0.02077151335311581,2.586042761649354
397,2020-02-06,1.7,1.722,1.685,1.7,1.6631669999999998,8731694,2020-02-06,0.011904964711608597,1.7924463809523778,1.9495893015873045,0.9193969106688342,0.021764705882352894,1.8868385713529863
398,2020-02-07,1.71,1.71,1.65,1.68,1.6436,5243409,2020-02-07,-0.0029675606554353294,1.7794019523809492,1.9449695952380979,0.9148739171745869,0.03571428571428575,1.126520068472048
399,2020-02-10,1.68,1.685,1.64,1.685,1.6484919999999998,3749599,2020-02-10,-0.020348445059317564,1.7663575238095208,1.9404655158730186,0.9102751424133573,0.026706231454006024,0.8026612038005887
400,2020-02-11,1.71,1.735,1.695,1.72,1.6827330000000005,3950987,2020-02-11,0.014749061524777576,1.7551765714285683,1.9361563888888917,0.9065262400811626,0.023255813953488393,0.8435347074314581
401,2020-02-12,1.715,1.72,1.695,1.695,1.658275,2495368,2020-02-12,0.008928571428571425,1.7444614761904735,1.9317299523809555,0.9030565965187505,0.014749262536873104,0.5331943084592754
402,2020-02-13,1.71,1.715,1.66,1.68,1.6436,4973800,2020-02-13,-0.011764903945304285,1.731882904761902,1.9278014523809555,0.8983720302850267,0.03273809523809534,1.0617251146331994
403,2020-02-14,1.68,1.715,1.66,1.7,1.6631669999999998,2837317,2020-02-14,0.0029500535194704716,1.7209349047619018,1.924412246031749,0.894265201393605,0.03235294117647068,0.6051469381968178
404,2020-02-17,1.7,1.705,1.675,1.695,1.658275,1556516,2020-02-17,0.002958782084973325,1.7104527619047591,1.9205234126984156,0.8906180214181828,0.0176991150442478,0.33180759757332423
405,2020-02-18,1.69,1.715,1.68,1.69,1.6533830000000005,2197357,2020-02-18,-0.03428572096095794,1.700669428571426,1.9163653492063522,0.8874453033059405,0.020710059171597718,0.46825819066952773
406,2020-02-19,1.7,1.755,1.69,1.75,1.7120830000000002,3811710,2020-02-19,-0.019608034014286953,1.694147190476188,1.912596365079368,0.8857839643577305,0.03714285714285711,0.8100235092875585
407,2020-02-20,1.775,1.8,1.745,1.785,1.746325,11228924,2020-02-20,-0.05555555555555565,1.691584904761902,1.9092527380952413,0.885993179954533,0.030812324929971956,2.354164095173676
408,2020-02-21,1.9,1.975,1.835,1.89,1.84905,12490903,2020-02-21,-0.010471380705623406,1.6934483809523782,1.9064171904761935,0.8882884551252819,0.07407407407407414,2.5816403571077577
409,2020-02-24,1.89,1.96,1.865,1.91,1.868617,14918332,2020-02-24,0.029649968481514296,1.6974083333333307,1.9051193492063523,0.8909721766462814,0.04973821989528795,3.0642051810399797
410,2020-02-25,1.89,1.93,1.845,1.855,1.814808,8137897,2020-02-25,0.02486188313305456,1.6988059523809498,1.90439285714286,0.892045958904535,0.04582210242587599,1.7095693900449784
411,2020-02-26,1.81,1.83,1.76,1.81,1.7707830000000002,4762713,2020-02-26,-0.013624347023966444,1.7004364761904736,1.9034705634920663,0.8933347900431353,0.038674033149171304,1.003019874497978
412,2020-02-27,1.76,1.855,1.76,1.835,1.7952419999999998,7195980,2020-02-27,0.04261362811413424,1.7034646666666642,1.902703984126987,0.8952862246978794,0.05177111716621252,1.511374868749309
413,2020-02-28,1.795,1.805,1.75,1.76,1.7218669999999998,6671500,2020-02-28,-0.05121258006356604,1.7050952380952358,1.9012782698412727,0.8968151927795319,0.031249999999999965,1.4048000886762624
414,2020-03-02,1.71,1.885,1.71,1.855,1.814808,7145921,2020-03-02,0.04213483952583862,1.7113845238095216,1.9009741825396853,0.9002671049025645,0.09433962264150945,1.5052252152067416
415,2020-03-03,1.865,1.88,1.77,1.78,1.7414330000000002,6058248,2020-03-03,0.028901334521307855,1.716043238095236,1.90004935714286,0.9031571899140991,0.06179775280898869,1.2716760205848592
416,2020-03-04,1.75,1.8,1.705,1.73,1.6925169999999998,16390566,2020-03-04,-0.011428184264431348,1.7186055714285693,1.899005111111114,0.9050031310463444,0.05491329479768785,3.3784710139539507
417,2020-03-05,1.75,1.805,1.735,1.75,1.7120830000000002,7137244,2020-03-05,0.03857525544558324,1.7216337142857123,1.8978473492063523,0.9071507858657181,0.03999999999999991,1.5365767542564972
418,2020-03-06,1.695,1.73,1.675,1.685,1.6484919999999998,4628347,2020-03-06,0.19081267490258902,1.7209349047619025,1.8961080952380984,0.9076143438677745,0.032640949554896104,0.9948239539451553
419,2020-03-09,1.58,1.585,1.38,1.415,1.384342,16699483,2020-03-09,-0.1211179867908226,1.7085892857142835,1.8925412142857174,0.9028016260978173,0.14487632508833928,3.5659964180031443
420,2020-03-10,1.39,1.61,1.345,1.61,1.575117,14831650,2020-03-10,0.10273970205136367,1.7050952380952358,1.8899892142857175,0.9021719410920773,0.16459627329192553,3.14019031003956
421,2020-03-11,1.585,1.625,1.46,1.46,1.428367,18602427,2020-03-11,0.0977448982963964,1.6929825714285693,1.8855045238095272,0.8978936672122213,0.11301369863013701,3.8985100573127296
422,2020-03-12,1.42,1.45,1.26,1.33,1.301183,21873963,2020-03-12,-0.14743611584327088,1.6759781904761883,1.8804712380952415,0.8912543603558716,0.14285714285714282,4.464498982766808
423,2020-03-13,1.2,1.56,1.185,1.56,1.5262,13920251,2020-03-13,0.11428544310405378,1.6703877142857122,1.8773006031746065,0.889781695835502,0.24038461538461536,2.794140252921623
424,2020-03-16,1.39,1.445,1.345,1.4,1.369667,8810977,2020-03-16,-0.04761881583979423,1.6564115238095216,1.8728876428571462,0.884415853843008,0.0714285714285715,1.7544764638322725
425,2020-03-17,1.3,1.49,1.3,1.47,1.43815,13901423,2020-03-17,0.11787101207299143,1.6459293809523787,1.8692486031746065,0.8805299509958401,0.12925170068027209,2.729451919981908
426,2020-03-18,1.39,1.435,1.305,1.315,1.286508,9708263,2020-03-18,0.05199944068158342,1.6284591428571407,1.8645212539682572,0.8733926413503166,0.09885931558935371,1.8935349875734986
427,2020-03-19,1.29,1.335,1.22,1.25,1.222917,17241739,2020-03-19,-0.02343749376131447,1.6051655238095217,1.8590204126984158,0.8634469599392848,0.092,3.3137227531511875
428,2020-03-20,1.3,1.35,1.22,1.28,1.252267,10893817,2020-03-20,0.06666695059625201,1.5816389523809504,1.8538293095238125,0.853173991939539,0.10156250000000008,2.0791927250692734
429,2020-03-23,1.22,1.28,1.125,1.2,1.1740000000000002,7787902,2020-03-23,-0.06454183266932251,1.5494937142857124,1.8478250396825426,0.8385500147524336,0.1291666666666667,1.4779255698516645
430,2020-03-24,1.35,1.35,1.23,1.255,1.255,7506034,2020-03-24,-0.023346303501945546,1.5202738571428553,1.8424252222222253,0.8251482007553013,0.09561752988047818,1.4175656581956178
431,2020-03-25,1.325,1.33,1.19,1.285,1.285,7309508,2020-03-25,0.027999999999999935,1.4950449047619028,1.837801111111114,0.8134965724653498,0.10894941634241255,1.3769101799629984
432,2020-03-26,1.3,1.325,1.215,1.25,1.25,4185382,2020-03-26,0.020408163265306048,1.4702457142857124,1.8328914523809552,0.8021455457036694,0.0879999999999999,0.7871260446418381
433,2020-03-27,1.28,1.325,1.205,1.225,1.225,2923590,2020-03-27,-0.035433070866141676,1.4430913333333315,1.827433976190479,0.7896817899498842,0.09795918367346929,0.5498183574345914
434,2020-03-30,1.23,1.27,1.18,1.27,1.27,2611391,2020-03-30,0.0,1.4215738571428553,1.8223724682539713,0.7800676765627808,0.07086614173228353,0.4918908311167243
435,2020-03-31,1.29,1.35,1.245,1.27,1.27,3223326,2020-03-31,-0.01930501930501924,1.3956306190476173,1.8175438968253999,0.7678662515305879,0.08267716535433069,0.612041016190645
436,2020-04-01,1.23,1.325,1.23,1.295,1.295,4755447,2020-04-01,,1.374371904761903,1.8130690317460347,0.7580361699953285,0.07335907335907334,0.9013062988139501
